ID,Movie_Name_EN,Movie_Name_CN,Crawl_Date,Number,Username,Date,Star,Comment,Like
0,Avengers Age of Ultron,复仇者联盟2,2017-01-22,1,然潘,2015-05-13,3, 连奥创都知道整容要去韩国。,2404
1,Avengers Age of Ultron,复仇者联盟2,2017-01-22,2,更深的白色,2015-04-24,2, 非常失望，剧本完全敷衍了事，主线剧情没突破大家可以理解，可所有的人物都缺乏动机，正邪之间、妇联内部都没什么火花。团结-分裂-团结的三段式虽然老套但其实也可以利用积攒下来的形象魅力搞出意思，但剧本写得非常肤浅、平面。场面上调度混乱呆板，满屏的铁甲审美疲劳。只有笑点算得上差强人意。,1231
2,Avengers Age of Ultron,复仇者联盟2,2017-01-22,3,有意识的贱民,2015-04-26,2, 2015年度最失望作品。以为面面俱到，实则画蛇添足；以为主题深刻，实则老调重弹；以为推陈出新，实则俗不可耐；以为场面很high，实则high劲不足。气！上一集的趣味全无，这集的笑点明显刻意到心虚。全片没有任何片段给我有紧张激动的时候，太弱了，跟奥创一样。,1052
3,Avengers Age of Ultron,复仇者联盟2,2017-01-22,4,不老的李大爷耶,2015-04-23,4, 《铁人2》中勾引钢铁侠，《妇联1》中勾引鹰眼，《美队2》中勾引美国队长，在《妇联2》中终于……跟绿巨人表白了，黑寡妇用实际行动告诉了我们什么叫忠贞不二；而且为了治疗不孕不育连作战武器都变成了两支验孕棒(坚决相信快银没有死，后面还得回来),1045
4,Avengers Age of Ultron,复仇者联盟2,2017-01-22,5,ZephyrO,2015-04-22,2, 虽然从头打到尾，但是真的很无聊啊。,723
5,Avengers Age of Ultron,复仇者联盟2,2017-01-22,6,同志亦凡人中文站,2015-04-22,3, 剧情不如第一集好玩了，全靠密集笑点在提神。僧多粥少的直接后果就是每部寡姐都要换着队友谈恋爱，这特么比打斗还辛苦啊，真心求放过～～～（结尾彩蛋还以为是洛基呢，结果我呸！）,671
6,Avengers Age of Ultron,复仇者联盟2,2017-01-22,7,Danny,2015-04-23,2, 只有一颗彩蛋必须降一星。外加漫威的编剧是有心无力了吧。复仇者联盟只能永远着手与团队的和与不和。这种东西重复到第二次就是隔了三年，还是心有余而力不足吧。只好来三个新成员，但是认真地，有必要加一条家庭线么？妇联以后也是要走赛车帮的，we are familly 路线？？？,641
7,Avengers Age of Ultron,复仇者联盟2,2017-01-22,8,gYroS,2015-04-28,2, 看腻了这些打来打去的烂片,576
8,Avengers Age of Ultron,复仇者联盟2,2017-01-22,9,tidd熊,2015-04-23,3, 漫威粉勿喷，真感觉比第一部差了些火候。没想到奥创竟然这么弱，出来失望之极。。。,481
9,Avengers Age of Ultron,复仇者联盟2,2017-01-22,10,桃桃淘电影,2015-05-12,3, 属于超级英雄的春晚，角色如走马灯一样出场。眼花缭乱的同时却没办法给人留下太深印象。这部内容实在太多了，这么多角色，各有黑暗历史，又为之后铺垫，弄得每个角色都很单薄。好在动作场面多，开场长镜头打斗还不错。看过也就看过了，没什么回味。几乎没有一场戏会让人觉得很嗨，很热血。,443
10,Avengers Age of Ultron,复仇者联盟2,2017-01-22,11,影志,2015-04-30,4, “一个没有黑暗面的人不值得信任。” 第二部剥去冗长的铺垫，开场即高潮、一直到结束，会有人觉得只剩动作特技，不过我还蛮吃这一套。联盟阵营“葫芦兄弟、八仙过海”式各显神通依然燃爆；“我有更好的理由不再生气”绿巨黑寡激萌的感情支线；快银兄妹的同情牌…4.27@台北日新威秀影城,381
11,Avengers Age of Ultron,复仇者联盟2,2017-01-22,12,玖萬,2015-05-12,2, 请漫威华丽地滚出电影界！每年都炮制出几部毫无营养千篇一律的流水线电影骗票房，刺激各种投机并扼杀原创电影的热情，简直就是电影业的祸害和毒瘤！,275
12,Avengers Age of Ultron,复仇者联盟2,2017-01-22,13,亵渎电影,2015-05-12,2, 承认这货很烂很难吗？混乱的节奏，人人都可能冒出来即兴插一腿，糟糕的3D也是毫无必要，就连特效大场面都没有什么令人惊艳的地方，其实这些都不重要了，我只想知道一点，黑寡妇下一部的时候会跟哪位队友搞暧昧？这种“白痴专供”片子如今算是彻底找到自己的死忠了，漫威可以继续一招鲜吃遍天了。★★,231
13,Avengers Age of Ultron,复仇者联盟2,2017-01-22,14,陀螺凡达可,2015-04-22,3, 跟第一部很不一样，叙事加强了不少，整个基调都更沉重黑暗，幽默和燃点也减少了，趣味性更是大减。总的来说整体并无惊喜，亮点也不多，但尾灯总算是完成了这个不可能的任务。相比较第一部刷了很多遍，这部一遍就够了。,228
14,Avengers Age of Ultron,复仇者联盟2,2017-01-22,15,别惹小白兔,2015-04-27,3, 漫威第二阶最中庸的一集。承上启下之作，完全是内战和复联3的超长预告片，奥创明显是为续集强加进来的反派，引入生硬。基调并不沉重，笑点不减反增，节奏和群戏倒真弱了不少，尤其是中间鹰眼家那一大段文戏满满尿点。PS：按照寡姐一部钓一个的节奏，下回绝逼轮到跟基妹争男人了~（波特曼一边玩去！）,270
15,Avengers Age of Ultron,复仇者联盟2,2017-01-22,16,高压电,2015-05-08,1, 什么破烂反派，毫无戏剧冲突能消耗两个多小时生命，还强加爱情戏。脑残片好圈钱倒是真的。,158
16,Avengers Age of Ultron,复仇者联盟2,2017-01-22,17,牛腩羊耳朵,2015-04-22,4, 总体来说没有达到第一部想让人立马二刷的体验，搞笑和燃度都有就是不够劲，应了续集电影的疲软定律。出场人物多到让人眼花撩乱，不过依然个个鲜明，Jarvis和Vison合体很惊艳，双胞胎戏份不多，widow和浩克的感情戏是最柔软的时刻，奥创存在感略低，妇联内斗戏不够激烈，队长脏话雷神锤子笑话贯穿始终。,165
17,Avengers Age of Ultron,复仇者联盟2,2017-01-22,18,文文周,2015-04-24,5, 机甲之战超超好看，比变形金刚强；人，神，变异人，人工智能互殴，强强强强；每一小段末句都是槽或者笑点，应该死了不少编剧；Jane不来客串，雷神没露，扣分；女神配怪兽，fair enough；美国队长我最喜欢他的盾，大概因为紫龙；难得人物多次发表演讲还不死；最后，找到了下半年新发型，开心！,182
18,Avengers Age of Ultron,复仇者联盟2,2017-01-22,19,抽先桑,2015-04-29,2," 结局就差寡姐握着绿巨人的手说：”我的意中人是一个盖世英雄，有一天他会turn green来救我，我猜中了这开头，没猜中这结局......""",153
19,Avengers Age of Ultron,复仇者联盟2,2017-01-22,20,时间的玫瑰,2015-04-23,4, 全程挥之不去美队的胸和banner的胸……毛。人物太多感情的处理不够细腻是一定的啦。凭良心讲，就看这电影里的剧情，再怎样黑寡也不可能算是slut，采访里面CE和JR简直糟糕。对看超级英雄系列片的热情开始减弱了，虽然俺看这种片子丝毫无惧于剧透，还是想对某说，一句短评就剧透的，有什么病啊！,144
20,Avengers Age of Ultron,复仇者联盟2,2017-01-22,21,随时流感,2015-04-28,2, 奥创弱爆了弱爆了弱爆了啊！！！！！！,120
21,Avengers Age of Ultron,复仇者联盟2,2017-01-22,22,雨木木,2015-04-23,5, 说实话其实剧情就那样吧，非漫威粉看着可能有的地方会get不到G点吧。（其实漫威卖的不是剧情而是人物和世界观呀，漫威宇宙棒棒哒）但对于漫威粉来说真是全程高能+IMAX燃爆啊！#漫威大法好#,90
22,Avengers Age of Ultron,复仇者联盟2,2017-01-22,23,琉璃仙,2015-04-30,4, 硬要凹出剧情内涵来的超级英雄电影让人醉。这一集的男一是鹰眼吧。美队和雷神都被塑造成了二傻子。钢铁侠依旧是那个让人熟悉的混账。绿巨人根本没有找到自我。黑寡妇倒是爆了自己的历史。喜欢新出现的红女巫。最让人感慨的是彩蛋里灭霸无奈的脸。#影评写这么碎，对自己也是不满意的#没有LOKI差评！,89
23,Avengers Age of Ultron,复仇者联盟2,2017-01-22,24,木卫二,2015-05-13,2, 越是一本正经，就是越是无趣。个个死不了，撕了扯了砸了死了的，你也不关心。全程梦游。,73
24,Avengers Age of Ultron,复仇者联盟2,2017-01-22,25,钱钱love速来,2015-05-01,4, “鹰眼作为本片的第一男主”有理有据。有感情戏，有主公技，有不止一个妹，有感化傻逼的男主式语录，有狂立flag而不倒的金手指，有死基友不死本大爷的神功护体。。他合同是不是结束了？？？复联2——\鹰眼巨巨凯瑞me/    还我快银！！！,91
25,Avengers Age of Ultron,复仇者联盟2,2017-01-22,26,呆子的世界,2015-05-01,5, 没有了洛基这个小基仔真是觉得即墨如雪啊,84
26,Avengers Age of Ultron,复仇者联盟2,2017-01-22,27,Y,2015-05-12,3, 第一部有基神，好看！第二部没有基神，不好看！所以，基神=好看 ← 盖章确定 ← 逻辑满分√√√,75
27,Avengers Age of Ultron,复仇者联盟2,2017-01-22,28,Lotte Mars,2015-04-28,3, 感覺不到任何感情,55
28,Avengers Age of Ultron,复仇者联盟2,2017-01-22,29,蘅驴驴,2015-04-27,3, 故事比第一部沉重，但这并不代表它深刻，基本上是非常杂乱且肤浅，原本不错的娱乐性也丢了。人物太多线索太多，每一处都像挠痒痒一样一笔带过，每一处都没挠痛快，自然观影体验也是乱七八糟，没有一处让人真正走心的。漫威宇宙拍到这基本上很难再给人带来惊喜了，严重审美疲劳。,53
29,Avengers Age of Ultron,复仇者联盟2,2017-01-22,30,雲五,2015-04-23,4, 相比第一部：多了惊悚、爱情、打戏，少了幽默、剧情、美国。看到结尾最在意的事情果然还是……下一部复联可能没有钢铁侠、雷神和绿巨人了？我靠，那我还看谁啊？！强烈要求把Star Lord、Ant Man、Spider Man都加进来作为补偿！！！（“观众可能看腻了我们炸美国城市。” “那我们炸个东欧城市吧。”）,60
30,Avengers Age of Ultron,复仇者联盟2,2017-01-22,31,乌鸦火堂,2015-05-08,4, 与第一集不同，承上启下，阴郁严肃，但也不会不好看啊，除非本来就不喜欢漫威电影。场面更加宏大，单打与团战又到了炫技的时刻，镜头感超赞。故事平铺但很紧凑，冷笑话依然不少，大量彩蛋是粉丝的菜，结尾新复联成立那一刻燃爆。不足之处在于几大新角色没有展开，感情戏有些生硬，另国内翻译不咋地,30
31,Avengers Age of Ultron,复仇者联盟2,2017-01-22,32,王大根,2015-05-24,3, 超级英雄们怎么就那么没事干啊，没有坏人打了就自己造一个出来，打完了还是英雄，这他妈不是钓鱼执法吗……,44
32,Avengers Age of Ultron,复仇者联盟2,2017-01-22,33,Ck,2015-04-28,2, 倒退回到卡通片一樣為打而打的特效畫面... Ultron其實挺幽默的，是James Spader的功勞。看到Julie Delpy和Vision小激動了一下，看到Cap在派對上想起Bucky心塞了（不止）一下，看到Quicksilver Scarlet Witch什麼什麼哭了一下... And Idris Elba is a liar! >:(,49
33,Avengers Age of Ultron,复仇者联盟2,2017-01-22,34,鸦哭魔yakumo,2015-05-12,3, 一碗好吃的甜口的八宝粥，需要将江米、红豆、大枣等用文火慢慢熬煮。它可以根据个人喜好放很多的谷类也好豆类也罢，而且也未必非得是八样。但往锅里放火腿、贝壳、甚至臭豆腐…那就不再叫八宝粥而叫杂烩。只是我们喜欢的是这个牌子的八宝粥。,39
34,Avengers Age of Ultron,复仇者联盟2,2017-01-22,35,蒙小厨,2015-04-28,2, 劇情弱，純賣特技,38
35,Avengers Age of Ultron,复仇者联盟2,2017-01-22,36,Angry Mob,2015-04-25,3, 挺没意思的，特别疲劳，而且3d几乎没效果，不建议去电影院烧钱了。看来只有Xmen才能拯救Avengers系列了,24
36,Avengers Age of Ultron,复仇者联盟2,2017-01-22,37,白日美人_S,2015-05-02,4, 观感比第一部差很多，稍显沉重，文戏不冗长却无趣。奥创是今年看过的最萌反派。红女巫美到让人出戏，新任春梦对象。xx和xx感情戏全都是bullshit。,18
37,Avengers Age of Ultron,复仇者联盟2,2017-01-22,38,白,2015-04-25,2, 一般般，然后为什么澳洲电影院的爆米花是咸的！！！！！,24
38,Avengers Age of Ultron,复仇者联盟2,2017-01-22,39,A L E X,2015-05-01,4, 我就问一句：老万是被炸死的老万造吗？,33
39,Avengers Age of Ultron,复仇者联盟2,2017-01-22,40,掉线,2015-05-12,3, 【C+】前1/3文戏烂到爆，剧情只剩下程式化的故事推进，感觉看了一集美剧。中间1/3无聊到爆，刚想这集大概是完全放弃人物刻画了？导演刷拉拉甩我一脸的家庭戏，邻座被感动的昏睡过去十五分钟。最后1/3勉强挽回些水准，但思辨依旧肤浅，人机交互进化探讨早在机械公敌玩儿腻了好吗？要不是特效，就给两星,11
40,Avengers Age of Ultron,复仇者联盟2,2017-01-22,41,办公室甜心,2015-05-10,5, 看毕，我激动地对友人说，等等奥创要来毁灭台北怎么办厚，她拍了拍我肩膀，没事，反正你买了两份旅行保险，惹......,16
41,Avengers Age of Ultron,复仇者联盟2,2017-01-22,42,哥舒夜,2015-04-23,4, 你们看美队的胸！隔着大半个屋子都能感受到！,21
42,Avengers Age of Ultron,复仇者联盟2,2017-01-22,43,娓娓,2015-04-23,4, 4/22看的台灣搶映。有韩国元素，为啥分分钟觉得片子里有个都敏俊呢…剪辑有点混，配乐不错啦！影城还有贴心的彩蛋提醒。片尾是說阿凡達也加入了嗎。沒有GP不幸福。那個人跟超人有聯繫嗎？看的日新威秀IMAX 3D，17：25都是满场,18
43,Avengers Age of Ultron,复仇者联盟2,2017-01-22,44,LuDada,2015-05-12,1, 不出意料得烂，喜欢这部电影的孩子，大概也喜欢变4……,33
44,Avengers Age of Ultron,复仇者联盟2,2017-01-22,45,张小北,2015-05-12,3, 粉丝向电影+全明星阵容，还是三部曲里的第1.5部续集，直接导致细节梗太多，每个角色都要照顾以至于顾不上故事节奏，叙事还要照顾到承上启下，结果整体都有点怪怪的。,22
45,Avengers Age of Ultron,复仇者联盟2,2017-01-22,46,恶魔的步调,2015-05-12,5, 哪个保证一刀不剪的，不是剪了好几刀吗！,8
46,Avengers Age of Ultron,复仇者联盟2,2017-01-22,47,暹罗copen,2015-05-01,3, 跪求乔斯·韦登回去弄“螢火蟲”，別再搞這些沒什麼營養的漫威大片。,26
47,Avengers Age of Ultron,复仇者联盟2,2017-01-22,48,大夫唐,2015-05-13,4, 刘大勇贾秀琰师徒真是狙击资本主义巨制界的先锋,14
48,Avengers Age of Ultron,复仇者联盟2,2017-01-22,49,死咗,2015-05-12,4, 好莱坞造梦境界依旧。值得表扬的是开头第一个镜头，其镜头运动设计的惊险流畅，大量低角度和超级特写的交代让人生理迅速发生反应，几乎马上进入情节。（那个慢速有点傻可是是给雷神的好吧）故事模式还是一样，反正就在打斗和逗比或者发展感情这两种模式中切换，非常适合不带大脑地去电影院魂离天外。,11
49,Avengers Age of Ultron,复仇者联盟2,2017-01-22,50,鹤大大,2015-04-23,5, 真的是全程无尿点。漫威在拍了这么多系列片之后再拿捏妇联2真是得心应手 笑点爆发点齐飞 拿锤子的哽太伤人 233 唯一遗憾 没洛基,17
50,Avengers Age of Ultron,复仇者联盟2,2017-01-22,51,羚羊的灵魂,2015-05-12,5, 绝逼不质疑尾灯的导演和编剧水平  ,15
51,Avengers Age of Ultron,复仇者联盟2,2017-01-22,52,心生,2015-05-12,3, 5分。虽然调低了期望，仍难免失望，甚至连视觉奇观都没啥新鲜感了。故事很简单，但讲得太凌乱，人物技能倒是继续酷炫，但基本都扁平。强调他们各自的烦恼与阴影，略刻意略重了些。反正你们想干啥就干啥，我继续默默地看你们High喽～[doge]PS：心疼谷大……,9
52,Avengers Age of Ultron,复仇者联盟2,2017-01-22,53,Queen Bean,2015-04-23,5, 赶上第一波看好开心！大乱斗超好评！！！总之笑料和精彩程度都不减！所有的BG线都让人尴尬到内心崩溃。寡姐和Hulk在一起时，简直就是是超级宠物教练。猩红女巫和快银也都是萌萌萌！我有好多嘈想吐，但我不能剧透。麻蛋！,23
53,Avengers Age of Ultron,复仇者联盟2,2017-01-22,54,CyberKnight电子骑士,2015-04-10,4, 还是很过瘾的，差不多是从头打到尾。中间的绿巨人VS反浩克钢铁侠以及结尾大战都非常刺激！IMAX还是最好的选择。不过总体感觉不如复联第一部，文戏有点乱，角色太多缺乏重点用力平均。奥创显得不够牛X，有气场没能耐，不像能灭复联的。三星半。我认为《美国队长3：内战》会比复联2好看！,11
54,Avengers Age of Ultron,复仇者联盟2,2017-01-22,55,帕拉多克斯,2015-05-13,2, 胸大无脑式的超级英雄无基腐与逗逼救场显然乏味许多，观众要开始厌烦漫威大法了，没啥创意的打斗与爆炸除了带来视觉疲劳还有什么？镜头语言为零，像电视剧，不如《美队2》的手持有感觉。尾灯大神要想想新招了，不然下坡路就在眼前...重点：你们在第几分第几秒见到我女神了？？麻烦请告知！感觉被骗了。,16
55,Avengers Age of Ultron,复仇者联盟2,2017-01-22,56,麦,2015-05-09,5, 我是男脑残粉 所以怎么都好看 ,13
56,Avengers Age of Ultron,复仇者联盟2,2017-01-22,57,老孙,2015-04-25,3, 沦落成传统的打斗片套路，小打——对白——小打——对白……最后大打一番结束。观察下来，最厉害的还是雷神啦，因为他既会飞又打不死。其他人要么是打不死但不会飞（绿巨人），要么是会飞但可能会被打死（钢铁侠），要么是既不会飞，又可能会被打死。,65
57,Avengers Age of Ultron,复仇者联盟2,2017-01-22,58,挑灯看剑,2015-05-04,3, 在台湾看了一回电影,6
58,Avengers Age of Ultron,复仇者联盟2,2017-01-22,59,Thoza of Rivia,2015-04-24,5," 啊啊啊啊啊啊啊啊啊啊啊啊啊！我真的很久没有关心复联了（昨晚还搞错时间买了票结果没去……）但是就这样看一遍，几年前那种立即想二刷的状态又回来了。""Together""，一直都是这个系列戳中我的地方。Vision好赞……锤哥的西装好帅……（大部分观众都留着等第二个彩蛋，结果只有一个……_(:з」∠)_",6
59,Avengers Age of Ultron,复仇者联盟2,2017-01-22,60,LORENZO,2015-05-03,4, 忘标了。。。对新男主的下场。。。很怨念。。。令想说，某和某的狗血恋情，真是够了。不过依然还算过瘾，激战场面眼花缭乱。现在的反派都流行卖萌流行搞哲学，太可怕了。,8
60,Avengers Age of Ultron,复仇者联盟2,2017-01-22,61,旺财,2015-05-02,2, avengers1睡着1次 avengers2睡着两次。。。,26
61,Avengers Age of Ultron,复仇者联盟2,2017-01-22,62,C h r i s . W,2015-04-23,3, 上映第一天就去刷了 总之就是一个字爽 打斗比第一部更多更精彩 而且异常喜欢这部的黑暗基调 不过奥创比想象中的要弱多了啊 坐等下一步灭霸现身把妇联全灭了 另外黑寡妇和绿胖这一对又是什么鬼（猩红女伊丽莎白好漂亮啊）说说差的地方 人物线太杂乱  看完以后基本就忘了到底讲了什么  只记得打打打。,11
62,Avengers Age of Ultron,复仇者联盟2,2017-01-22,63,烟草告急,2015-05-03,3, 钢铁流星拳拳拳拳拳拳,14
63,Avengers Age of Ultron,复仇者联盟2,2017-01-22,64,让我自己看会书,2015-05-12,3, 能不能痛痛快快地打，别有一搭没一搭地来感情戏。,12
64,Avengers Age of Ultron,复仇者联盟2,2017-01-22,65,中二君,2015-04-23,5, 我锤帅呆了！！！我队也是本命！！！还蛮想跟幻视来一发！！！捂脸···btw，奥创是个大傻逼·，谁要用陨石撞地球来毁灭人类啊，有那个功夫多复制几个自己啊···而且快银不应该是万磁王的儿子么，而且还挂了···平行宇宙大法？,11
65,Avengers Age of Ultron,复仇者联盟2,2017-01-22,66,树,2015-05-12,2, 这是什么鬼啊！！,9
66,Avengers Age of Ultron,复仇者联盟2,2017-01-22,68,张咏轩Wayne,2015-04-27,3, 特效场面完胜《逆转未来》，近八成的狂轰乱炸，只是一些剪辑节奏的拿捏不够，导致全片文武戏块略微失衡，没有第一部那么酣畅。黑寡妇和绿巨人的暗生的情愫是最闪瞎眼的桥段，二人怎么看都不搭噶。猩红快银幻视的加入虽然更为激昂热血，但也有一种老牌英雄退位让贤的悲壮感。一出硝烟弥漫的嘉年华会,14
67,Avengers Age of Ultron,复仇者联盟2,2017-01-22,69,张天翼,2015-05-17,3, 群口相声。始终处于“亚高潮”状态。说平淡也不算平淡，打戏人太多又嗨不到沸点。提神全靠铁罐。就是——打打打，斗嘴，斗嘴，段子，打打打，斗嘴…【拆寡鹰，硬凑绿寡 0。0 ||| 可绿寡这么生硬，好意思吗？,8
68,Avengers Age of Ultron,复仇者联盟2,2017-01-22,70,bella,2015-05-11,2, 3 hours of my life that I'll never get back,20
69,Avengers Age of Ultron,复仇者联盟2,2017-01-22,71,Nina,2015-05-12,2, 超长版运动产品广告,10
70,Avengers Age of Ultron,复仇者联盟2,2017-01-22,72,小黄,2015-05-12,1, 谁再喊我看这种电影我和谁急！实在是接受无能。。。,9
71,Avengers Age of Ultron,复仇者联盟2,2017-01-22,73,w0w_w0w,2015-05-12,1, 简直看不下去,11
72,Avengers Age of Ultron,复仇者联盟2,2017-01-22,74,我不是猴子,2015-05-12,2, 一顿瞎打,8
73,Avengers Age of Ultron,复仇者联盟2,2017-01-22,75,蛋挞,2015-05-01,4, 画风跟第一部不太一样的承前启后之作，自带脑补虐文属性，一想到未来为内战的铺垫的梗就有点酸爽。结尾大决战脑海中不断联想到复联春运图。奥创最后毁灭世界怎么用的是老万的手法，还有那谁我就不说了哎。队长车顶手撕奥创近身戏帅！！,8
74,Avengers Age of Ultron,复仇者联盟2,2017-01-22,76,虎跳匣,2015-05-13,3, 好山好水好无聊。。。。,8
75,Avengers Age of Ultron,复仇者联盟2,2017-01-22,77,Weltschmerz,2015-05-13,5, 猩红女巫美哭了，为何要弄我大快银 嘤嘤嘤,4
76,Avengers Age of Ultron,复仇者联盟2,2017-01-22,78,纬誺,2015-05-13,2, 呵呵,9
77,Avengers Age of Ultron,复仇者联盟2,2017-01-22,79,海底的毛衣,2015-05-12,2, 算是很普通的超人片子了，两星分别是scar和maximoff twins哒,8
78,Avengers Age of Ultron,复仇者联盟2,2017-01-22,80,荔枝超人,2015-05-11,2, 只有脑残粉爱看的电影，其他人统统呼呼大睡。漫威，再见。,65
79,Avengers Age of Ultron,复仇者联盟2,2017-01-22,81,巢菜,2015-05-12,2, 漫威编剧实在是脑洞太大了。。。而且没有loki。。。,7
80,Avengers Age of Ultron,复仇者联盟2,2017-01-22,82,旧书君,2015-05-12,5, 超愉悦以及超满足。在历经了第一阶段比漫画更普世的设定融合之后，发展到#AoU#居然出现了不少传统科幻的哲思。乔斯尾灯的诉求一目了然：这真的不仅仅只是超级英雄们的情景喜剧而已。so，漫威有这样的良心之人，是漫威的荣幸。（默默给DC烧纸）,5
81,Avengers Age of Ultron,复仇者联盟2,2017-01-22,83,猪肠胀糯米,2015-05-12,5, 一刷归来一本满足。PB真的全队最帅，刚出场时苏到不行！JS演得最活，感觉真人就在眼前，一把声音就把全场的气氛给震摄了！队长和锤哥的配合很惊艳！Olsen妹子超超超灵，女巫塑造得好。Joss给剧本注入了很多传统科幻的东西，笑点和宅梗都非常多！现在最期待的就是导演加长剪辑了！鹰眼对女巫的话有看哭,6
82,Avengers Age of Ultron,复仇者联盟2,2017-01-22,84,伟大的小屁孩,2015-04-22,5, 首映就冲去看了！作为漫威脑残粉当然咬紧牙关也要给5星但我必须承认我在开场前20分钟都没能入戏，熬过前20分钟就会渐入佳境（没入也别找我说了我脑残了！）本集冷笑话好多，彩蛋也浅显易懂，于是下一集我们应该会再见到银河护卫队了吧。最后，双胞胎姐姐好美腻！！,14
83,Avengers Age of Ultron,复仇者联盟2,2017-01-22,85,伍德与夏洛蒂,2015-05-12,3, 对比1来说，战斗场面多了很多，但没有一幕燃到我，台词也非常弱，奥创就是一个有daddy issue的中二病少年，成不了气候，幻视就这样默默的出现默默的命名，雷声大雨点小，全片最好看的还是寡姐和绿巨人的暧昧，俩人演技太好，每个调情互动都很高级，眼神交流太有质感（5.8媒体首映）,16
84,Avengers Age of Ultron,复仇者联盟2,2017-01-22,87,风间隼,2015-05-15,3, 剧情看得人昏昏欲睡，打戏就钢铁侠对绿巨人那场好看。最后雕塑版的黑寡妇神似刘胡兰。,7
85,Avengers Age of Ultron,复仇者联盟2,2017-01-22,88,山人阿苍苍,2015-04-24,3, 梗概：不作死就不会死。最让我震惊的不是寡姐和绿巨人站了CP、鹰眼早有家庭（之前的鹰眼寡姐CP都被这部编剧吃了吧），而是快银居然就那么领了便当（手动再见）；红女巫发大招是真帅；有些joke确有笑果，比如thor的hammer joke，但有些刻意抖机灵的痕迹太明显反而就呵呵了；不过打戏还是颇有趣味,38
86,Avengers Age of Ultron,复仇者联盟2,2017-01-22,89,王食欲,2015-05-12,2, 奥创设定太差。,7
87,Avengers Age of Ultron,复仇者联盟2,2017-01-22,90,不亦乐乎的海盗,2015-05-10,3, 我。。。居然。。。没看懂。。。只觉得三个光束打奥创好燃，以及快银也很顺眼而且口音好喜感,6
88,Avengers Age of Ultron,复仇者联盟2,2017-01-22,91,柏林苍穹下,2015-05-13,4, 在一个系列里起到承前启后的作用，但就单部而言，人物线索编排过密，缺乏集聚效果。,6
89,Avengers Age of Ultron,复仇者联盟2,2017-01-22,92,猛汉世雄,2015-05-13,4, 三星半吧，没多好看，故事比较简单，人物比较单薄，但是海量特效还是很爽的，奥创身材肥肠好，腰肥肠肥肠细：）,5
90,Avengers Age of Ultron,复仇者联盟2,2017-01-22,93,赵大宝,2015-05-14,3, 观影过程中，耳边一直有一种突突突突突的声音，我还感慨电影为了让奥创给观众带来紧张感，声音上真是下了功夫。后来才发现是楼下正在装修。,14
91,Avengers Age of Ultron,复仇者联盟2,2017-01-22,94,梨酱,2015-05-05,2, 失望失望太失望,8
92,Avengers Age of Ultron,复仇者联盟2,2017-01-22,96,大奇特(Grinch),2015-05-19,1, 昏昏欲睡 一盘散沙,3
93,Avengers Age of Ultron,复仇者联盟2,2017-01-22,97,T.V.Zoe ி,2015-05-12,3, 不說人話染了一身抖包袱的惡習 劇情也就那樣 因為一到文戲我就撐不住想睡 睡了八遍再看發就不知道他們在打什麼了……也就是說不是迷妹真的沒法看這種首映 片尾还有人民英雄纪念雕塑 當然了特效啥的是很牛逼 到咣咣咣開砸就能醒 等二刷,3
94,Avengers Age of Ultron,复仇者联盟2,2017-01-22,98,雅典娜,2015-05-12,5," Together. Like an old man said, together. Worthy!  这片果然“完完全全是Joss”。笑点密集，各种宅内涵。唯一遗憾为了片长的删减。好想高唱复联动画EMH主题曲Forever fight as one，那歌词完全对应这部电影。 【Joss Whedon is worthy!Joss Whedon have got no string!】",8
95,Avengers Age of Ultron,复仇者联盟2,2017-01-22,99,Nineveh,2015-04-26,2, Shi一样的剧情啊,9
96,Avengers Age of Ultron,复仇者联盟2,2017-01-22,100,SHOOT BANK,2015-05-13,2, 通篇洋溢着「我鸡巴大我先说」的直男气息，但紧身衣又出卖了它,4
97,Avengers Age of Ultron,复仇者联盟2,2017-01-22,101,昂迪,2015-05-12,3, 刘大勇你好！字幕翻译太烂了，节奏不连贯，没看过前作的观众肯定晕菜。场面很炫酷，故事性较差，各种英雄脑抽式掐架，失望！,8
98,Avengers Age of Ultron,复仇者联盟2,2017-01-22,102,翻滚吧！蛋堡,2015-04-28,3, 跟笑点满满，热血高能的前作相比，这一部平庸太多。讲述超级英雄的黑暗面却也没有进行深挖，主角们都透露出一丝无力感，反倒是猩红女和快银成为最大看点，鹰眼的家庭戏和黑寡妇绿巨人的爱情戏也让人提不起精神，打斗方面也远远不如《美队2》的凌厉剪辑好看。,8
99,Avengers Age of Ultron,复仇者联盟2,2017-01-22,103,Gawiel,2015-05-06,3, 复联基本上是在往情景喜剧的路线上拍了，每个人固定性格，每集一个特定情景来展开性格；本集的亮点是打斗的画面，画面的构图有很强的漫画感，时不时有四五个人出现在同一镜头中，同一运动方向，或分散四五个运动方向，甚至在此时会有一个慢动作，造成漫画中占一整页的大画面的感觉，还蛮漂亮。,3
100,Avengers Age of Ultron,复仇者联盟2,2017-01-22,104,mideastsptfire,2015-05-04,3," Long takes, no stakes. 最后大战灾难性得乱 olsen到底什么能力完全没明白 是巴菲里的prophecy? 其实剧本没那么差 美国例外论的主题像是Whedon的菜",6
101,Avengers Age of Ultron,复仇者联盟2,2017-01-22,105,友友,2015-05-17,5, 红爹教你如何用配音本色出演奥创大大！#发现最喜欢的是绿巨人真是醉醉滴#,2
102,Avengers Age of Ultron,复仇者联盟2,2017-01-22,106,李大立,2015-04-24,3, 又散又乱太难看了真的太难看了妇联由酷爆米花大片变成了烂爆米花大片,6
103,Avengers Age of Ultron,复仇者联盟2,2017-01-22,107,徐小亮儿,2015-05-13,2, 不好看，就不打三星,5
104,Avengers Age of Ultron,复仇者联盟2,2017-01-22,108,Ky!on.,2015-05-12,2, 图个热闹..6人一起看首映..仅此..,6
105,Avengers Age of Ultron,复仇者联盟2,2017-01-22,109,A。,2015-05-12,3, 英雄片的深度取决于反派的强度，爆米花片的快感取决于剧本的结构和节奏。复联一在两项上都得了A，可惜复联二均徘徊在及格线水平。,7
106,Avengers Age of Ultron,复仇者联盟2,2017-01-22,110,西帕克,2015-05-13,2, 总说韦登是三流导演，一流编剧，可惜这次估计是要兼顾的东西实在太多了，连编剧都没弄好，只能是一盘散沙了。,7
107,Avengers Age of Ultron,复仇者联盟2,2017-01-22,112,Obtson,2015-05-11,2, 你确定这是Stark工业而不是Wayne集团？基调太沉郁了，超级英雄们“神”的外壳被尽数剥掉，露出来的是他们作为人所持有的情感软肋，这种设定对照前作的欢乐吐槽世界观显得很违和。虽然手撕机器鬼子延续了天然萌，可漫威情怀硬生生变成少女心真是谁都救不了。,5
108,Avengers Age of Ultron,复仇者联盟2,2017-01-22,113,失忆蝴蝶,2015-05-12,2, 超级难看。。。,6
109,Avengers Age of Ultron,复仇者联盟2,2017-01-22,114,大宸,2015-05-12,2, 真心烂到家了啊，电影院一直期待电影结束！,7
110,Avengers Age of Ultron,复仇者联盟2,2017-01-22,115,FairyTail,2015-04-25,3, 视觉效果的极限是视觉疲劳,7
111,Avengers Age of Ultron,复仇者联盟2,2017-01-22,116,高处不胜寒,2015-05-12,3, 新人物太多，感觉每个人都很有故事，但是讲太多又会觉得杂乱；其实也不是不好看，只不过这种闹闹矛盾又因为人类和正义和好的情节在漫威宇宙里见识过太多次；说实话幽默感丢失不少，逗比情节大打折扣，结尾也没有之前那么多的热血和振奋；不过这些我也不在意了，因为这么多年了，看的也就只剩下个情怀。,3
112,Avengers Age of Ultron,复仇者联盟2,2017-01-22,117,Mandy Lu,2015-05-10,3, 被拉去看的，可以看出用心、用钱，有笑点、大场面，每个角色有“个人时间”。有想吐槽的地方，但是基本上故事通顺人物合理。整个电影塞得很满，但是觉得没有记忆深刻的亮点。70分吧，ok的标准爆米花电影,5
113,Avengers Age of Ultron,复仇者联盟2,2017-01-22,118,阿弟,2015-04-27,4, 在台北美丽华看的，巨幕效果赞,3
114,Avengers Age of Ultron,复仇者联盟2,2017-01-22,119,Abby,2015-05-16,4, 比速七好看多啦，至少台词都很搞笑啊。不知道中国有多少人看懂了Eugene O’Neill这个梗,3
115,Avengers Age of Ultron,复仇者联盟2,2017-01-22,120,bpaqq,2015-05-13,1, 老子睡了一个小时，我老婆睡了一个半！,8
116,Avengers Age of Ultron,复仇者联盟2,2017-01-22,121,半支烟,2015-05-09,2, 在西非看3D简直是灾难，唐奇杜和塞谬尔果然是只能凭牙齿辨别。没有比猪一样的对手出现在超级英雄片里更令人失望的事了。,7
117,Avengers Age of Ultron,复仇者联盟2,2017-01-22,122,二月鸟语,2015-05-12,2, 零点场IMAX#复仇者联盟2#，劇情有点鸡肋，引出了幻视他们，给下集做铺垫。反派奥创不够强大，场面不过瘾！快银的死法太不科学！钢铁侠比绿巨人厉害，基情爱情继续发酵！台词还行，翻译不行！只是每次都是地球保卫战，太腻！请下回换成银河系宇宙什么的吧。目测票房不会超速7！,5
118,Avengers Age of Ultron,复仇者联盟2,2017-01-22,123,太平公主,2015-05-16,5, 脑残粉不解释,3
119,Avengers Age of Ultron,复仇者联盟2,2017-01-22,124,汐风的嬉戏,2015-05-15,5, 怎么舍得打低分啊！！！,3
120,Avengers Age of Ultron,复仇者联盟2,2017-01-22,125,狐狸有尾,2015-05-15,5, 感觉有略黑暗了点，不过还是萌点满满，但是一想到就要完结了又心碎了一地，，，，,3
121,Avengers Age of Ultron,复仇者联盟2,2017-01-22,126,等一个人,2015-05-24,5, 我就是一俗人，对于我来说这就是今年最好的电影。,5
122,Avengers Age of Ultron,复仇者联盟2,2017-01-22,127,一毫,2015-05-12,2, 跟第一部一样睡着了 ,5
123,Avengers Age of Ultron,复仇者联盟2,2017-01-22,128,taoxinxu释凡,2015-05-12,2, 漫画续集粉丝烂片，松散拖沓、虚假混乱，穿紧身服、内裤套脑袋、飞天变异、盔甲装新奇电脑冒充超能英雄？结果就一人能玩锤子，绝育黑寡妇勾搭绿巨人，众人被超能兄妹打得狼狈、乱回忆做梦。毁毁机器士兵、破坏城市、秒杀奥创就叫拯救世界？坏淫脑残贼不禁打。彩蛋灭霸叫嚣就牛X？不出来干吗？等骗钱,4
124,Avengers Age of Ultron,复仇者联盟2,2017-01-22,129,张小强,2015-05-12,2, 给五星的是不是看了两遍然后把分数加在一起算的？,6
125,Avengers Age of Ultron,复仇者联盟2,2017-01-22,130,熊類爆弾,2015-04-23,4, 我的中二之魂熊熊燃燒！！（雖然劇情普通設定略牽強，諸多可愛的小細節和滿天飛的鈔票還是滿足了我）（Stan Lee的眾多comeo裡最萌的一回）（3D＋D-Box＋ATMOS簡直是美妙絕倫的觀影體驗！座椅的各種傾斜和震動角度幅度和畫面完全符合，真正的身臨其境，仿佛能聞到硝煙氣味）,16
126,Avengers Age of Ultron,复仇者联盟2,2017-01-22,131,沐风而遇周星星,2015-05-12,4, 睡你麻痹起来嗨，零点首场刷起来。英雄与心魔，拯救与毁灭，有种古希腊悲剧的感觉。各种梗看的超爽，绯红女巫太棒。铺垫这么多，更期待内战。,4
127,Avengers Age of Ultron,复仇者联盟2,2017-01-22,132,大瘦瘦,2015-05-08,3, 和《素鸡》差了50部《赤道》的差距（别问我是素鸡几） #双井UME#,4
128,Avengers Age of Ultron,复仇者联盟2,2017-01-22,133,猫叔Mack,2015-05-14,3, 感觉和第一部没有本质区别，就是更容易犯困而已。漫威在这么玩下去不是办法。,4
129,Avengers Age of Ultron,复仇者联盟2,2017-01-22,134,瓦力,2015-04-23,3, 没有看《复联1》时的大激动。期待奥创成为漫威电影迄今最强反派，结果只有不死身，战力也不高，那堆机器杂兵纯战五。AI觉醒本就不新鲜，快银效果也没叉男做得妙，除“反浩克装甲”与“天空之城”有点小激动，红女巫幻视很赞，某角色牺牲很明智外，没啥特别。看好DC做足反派功夫反超。6.5/10,31
130,Avengers Age of Ultron,复仇者联盟2,2017-01-22,135,时间之葬,2015-08-25,2, 妇联成员都只会讲不好笑的笑话，唯一加分的是朱莉·德培,3
131,Avengers Age of Ultron,复仇者联盟2,2017-01-22,136,FakePrufrock,2015-05-10,3, 3.5/5 Quick Silver is friends with Quick Silver只让我更想重看X-Men……Clint整个被洗脑了！【第二部总是个难关，幸而下面不再是Whedon了,4
132,Avengers Age of Ultron,复仇者联盟2,2017-01-22,137,cat,2015-04-23,4, 泼秃好土啊,5
133,Avengers Age of Ultron,复仇者联盟2,2017-01-22,138,东林君,2015-05-13,2, 之前瞧不起去电影院看小时代的女生，当面把她们说哭，这次轮到自己身不由己高高挂起了。我再去电影院看这种大片+烂片=大烂片，我就是狗。,2
134,Avengers Age of Ultron,复仇者联盟2,2017-01-22,139,蓮,2015-05-10,3, 真没一好看啊..好多东西还是现在看了影评才懂 比如Quicksilver怎么和Xmen里的是两个人=。=,5
135,Avengers Age of Ultron,复仇者联盟2,2017-01-22,140,遲訥,2015-05-12,3, 格局小了好多，不喜欢。3
136,Avengers Age of Ultron,复仇者联盟2,2017-01-22,141,小爱,2015-05-12,3, 三星到头了,4
137,Avengers Age of Ultron,复仇者联盟2,2017-01-22,142,lonelyknight,2015-05-11,3, 中间文戏的部分节奏完全不对……头尾才是一贯的漫威电影感觉。另外你们把鹰眼弄成人生赢家，把美队弄成痰盂儿加人肉锣是几个意思……,5
138,Avengers Age of Ultron,复仇者联盟2,2017-01-22,143,王6万。,2015-05-12,2, 鹰眼的死亡flag从去他家开始立到了最后，后半截就一直在等鹰眼什么时候领便当，好不容易以为他要死了结果被跑得快就了，不过还好是中弹挂了，结果……特么什么事都没有！！,4
139,Avengers Age of Ultron,复仇者联盟2,2017-01-22,144,kusicat,2015-04-30,3, 团结就是力量，超级英雄众志成城，总让我想起小时候看奥运会运动员拿奖牌那激动人心的时刻。。。,3
140,Avengers Age of Ultron,复仇者联盟2,2017-01-22,145,judy,2015-05-09,3, 只算還OK的商業片。現在這類片型第一品牌就是漫威了，熱鬧打鬥大場面，人神機甲齊飛，各型超級英雄齊聚。但講真的，2不僅劇情更平板(內鬥也就這樣?) 節奏也比1差。角色過多把戲撐散了。而且漫威的反派真的不加強一下? 把奧創拍那麼弱...比起去年X戰警拍哨兵的強度差多了吧..,5
141,Avengers Age of Ultron,复仇者联盟2,2017-01-22,146,鱼雷,2015-05-12,5, 要改萌锤盾了…二连击duangduangduang ,1
142,Avengers Age of Ultron,复仇者联盟2,2017-01-22,147,忆秋,2015-05-15,3, 果然对女性角色的塑造非常stereotype，两次强调了女性的自我实现乃“相夫教子”，罗宾阿姨好大的酱油，Olsen妹妹没有道具满满打太极的赶脚，海莉姐1秒也美呆…美国队长颜不错，但穿紧身衣劈柴真的必要嘛？可怜一把我大东欧人民，美帝毁了你们的家园还要来装英雄…,3
143,Avengers Age of Ultron,复仇者联盟2,2017-01-22,148,sdt,2015-05-02,5, 一周鸡血已打满,3
144,Avengers Age of Ultron,复仇者联盟2,2017-01-22,149,胖肖Mark,2015-05-13,5, 室友先去看，然后跟我说不要期望太高，我看了还是觉得很好看啊啊。。。,3
145,Avengers Age of Ultron,复仇者联盟2,2017-01-22,150,背锅侠铁罐罐,2015-05-12,5, 队长依然大义凛然，托尼在队长如此令人敬畏的眼神之下，仍能践行自己身为科学家和未来主义者的理念。I cannot be more proud of him.我等着他们生死斗，也等着他们泯恩仇。一切终结之日只要这两人并肩而立，复仇者就无比强大。,3
146,Avengers Age of Ultron,复仇者联盟2,2017-01-22,151,菠萝油,2015-05-16,5, 讲真…五星全来自于脑残粉的自我修养…和1比起来太差强人意了…,2
147,Avengers Age of Ultron,复仇者联盟2,2017-01-22,152,罐儿图样图森破,2015-05-16,5, 开头慢镜头小高潮就燃起来了，结尾更是浑身起鸡皮疙瘩，没办法脑残粉就是这么容易激动(*/ω＼*)妮妮还是分外骚气！！不过这部里面莫名对鹰眼绿绿和幻视很有好感，幻视有种开了挂却异常呆萌的赶脚233从高中追到现在的系列，每一部都是青春热血啊，怎么能不任性给好评！,2
148,Avengers Age of Ultron,复仇者联盟2,2017-01-22,153,熊嬉皮,2015-05-16,3, 我的英语水平看字幕都看乐了  你说得啥样儿,2
149,Avengers Age of Ultron,复仇者联盟2,2017-01-22,154,Fira,2015-05-15,5, 依旧够燃，女神prprpr,2
150,Avengers Age of Ultron,复仇者联盟2,2017-01-22,155,吖鼎,2015-05-15,5, 好看！好看！好看！,2
151,Avengers Age of Ultron,复仇者联盟2,2017-01-22,156,这不是神经病_是,2015-05-15,4, 全程都是高潮 已然不知主线为何物😂 猩红女巫真是美美嗒💅,2
152,Avengers Age of Ultron,复仇者联盟2,2017-01-22,157,dagslända,2015-05-14,5, 还是很燃啊，尾灯简直太懂粉丝的心，各种彩蛋福利,2
153,Avengers Age of Ultron,复仇者联盟2,2017-01-22,158,大星,2015-05-13,5, still luv u! THOR<3,2
154,Avengers Age of Ultron,复仇者联盟2,2017-01-22,159,Quiescence,2015-05-13,5, 非常不错非常不错~我非常吃这一套~,2
155,Avengers Age of Ultron,复仇者联盟2,2017-01-22,160,熊窄纸,2015-05-03,5, 希望我的评论没有对没有看的我朋友造成困扰。许久没看过3D的熊仔这次奢侈了一回，非常能体会3D铁达尼的观众分分钟想摸屏幕的感受。非常喜欢的一点是，虽人物众多，但安排得当。背景音乐依旧很燃。如果用一句话来形容观影感受，一定是“值回票价”。,2
156,Avengers Age of Ultron,复仇者联盟2,2017-01-22,161,花岛仙藏,2015-05-04,3, 音速小子没有X-men里面的Evan Peters炫酷，但是为什么两个人都姓Maximoff=。= 编剧の阴谋吗……_(:зゝ∠)_ Vision的设定有点像Human dalek……很像！,3
157,Avengers Age of Ultron,复仇者联盟2,2017-01-22,162,Azuré Bleu,2015-05-16,2, 已经能预见一周之后啥都不会记得。还是要少看这种内心戏为零的片子。,1
158,Avengers Age of Ultron,复仇者联盟2,2017-01-22,163,老阿飞—故园,2015-05-22,3, 的确不如第一部，人物多，分分钟都是酱油，尿点挺多的。国内字幕翻译，基本上把所有的笑点全都弄没了，简直恶心。红女巫帅气。看得出来已经开始给美队3的内战铺垫了。,1
159,Avengers Age of Ultron,复仇者联盟2,2017-01-22,164,王韧勉,2015-05-31,4, 感谢贴心女友，感谢银联卡包，感谢星美影城，六块二的3D电影值回票价，情节无所谓看懂看不懂，关键是要俊男靓女同仇敌忾打得爽，其实美国英雄没有中国英雄强大，那么多超能力了还要被坏人群殴，中国英雄仅仅是血肉之躯，就是永远打不死的！,2
160,Avengers Age of Ultron,复仇者联盟2,2017-01-22,165,陈蜀黍,2015-05-11,2, 难看一笔,5
161,Avengers Age of Ultron,复仇者联盟2,2017-01-22,166,玛西娜,2015-05-14,3, 比前作好啊我觉得，挺出乎意料的,3
162,Avengers Age of Ultron,复仇者联盟2,2017-01-22,167,格兰芬多加十分,2015-05-14,2," 寡妇那句""我不能生，我也是怪物""太扯了",2
163,Avengers Age of Ultron,复仇者联盟2,2017-01-22,168,XU,2015-05-13,3, 小龙的T真的好棒哦！最佳服装奖！,1
164,Avengers Age of Ultron,复仇者联盟2,2017-01-22,169,失控的小跳蛋！,2015-05-12,4, 全程想像自己是猩红女巫：）,4
165,Avengers Age of Ultron,复仇者联盟2,2017-01-22,170,indicent time,2015-05-12,4, 漫威第三阶段超长预告片；塑造人物已经超过编剧极限，快银颜值高但是戏的想象力不如逆转未来，绯红女巫看的我目不转睛；鹰眼做了那么多＂主角必死＂的flag，死的却是。。,4
166,Avengers Age of Ultron,复仇者联盟2,2017-01-22,171,Q。,2015-05-12,3, 流水线产品，与第一部差距巨大。没太多关联的感情戏、理不清的团队关系、混论的节奏把控、打斗场面虽多却丝毫没有燃点。降低期待，开心就好。★★★,5
167,Avengers Age of Ultron,复仇者联盟2,2017-01-22,172,潜鸟,2015-05-12,2, 赶上了首映,4
168,Avengers Age of Ultron,复仇者联盟2,2017-01-22,173,快乐小开,2015-05-07,5, 打-搞笑-打 爆米花片你还要求什么 个人觉得比第一部好看 就是略长了一丢丢和一些莫名其妙的点但是真的不重要！尾灯了不起！发糖大大【。ATJ巨可爱啊声音都嫩回去了一股小流氓的感觉好苏~连奥创都会说笑话XD,4
169,Avengers Age of Ultron,复仇者联盟2,2017-01-22,175,晶晶如莹,2015-05-13,4, 人很多，说话有点跟不上，就觉得有的地方交代的不清楚。打的很热闹，很多地方跟1也有对应。还是觉得1最好看。,3
170,Avengers Age of Ultron,复仇者联盟2,2017-01-22,176,火娃,2015-09-15,3, 6/10。第一部精准的节奏、巧妙的悬念和清楚的内心戏不见了，或许导演不想把超级英雄打造成战斗机器，所以加入了丰满血肉的角色复杂关系+过去不堪回首，这样做带来的问题是，英雄们像凡人一样谈爱情谈家庭讲责任义务，再穿插内部打打架的肥皂剧叙事风格，140分能剩下的就只有高空打斗坠落的燃烧荷尔蒙。,4
171,Avengers Age of Ultron,复仇者联盟2,2017-01-22,177,sosovipp,2015-12-13,4, 敌人全是机器人，丢个电磁脉冲炸弹不就解决了……,0
172,Avengers Age of Ultron,复仇者联盟2,2017-01-22,178,谋杀电视机,2015-05-13,2, 乔斯威登拍的比1稍微好了点，至少镜头和剪辑上不神游的次数明显增加了，不过这个主角和主要配角加起来都快20人的电影，我看除非阿尔特曼复活恐怕世人没一个可以拍得像模像样了，你们干脆把它改成连续剧吧，要不真心没法看了。,4
173,Avengers Age of Ultron,复仇者联盟2,2017-01-22,179,麦田里的终结者,2015-05-12,3, 力不从心，惫态尽显。漫威为了承上启下牵扯了太多精力，故事本身反而束手束脚。新老角色、文武戏份的平衡皆没有成功建立，众多段子笑料连环轰炸反而让试图严肃的情节更加莫名其妙。陈旧的人海、内讧战术观赏性竟不如钢铁侠与浩克一战。个人评分7.2,2
174,Avengers Age of Ultron,复仇者联盟2,2017-01-22,180,谢谢你们的鱼,2015-05-12,4, 比第一部好看，人物的复杂性出来了，整体氛围也不再低幼，动作戏燃爆。韦登这一次完成了一个不可能的任务。,3
175,Avengers Age of Ultron,复仇者联盟2,2017-01-22,181,Sammiest,2015-05-11,3, 特效特别赞 别的。。。,4
176,Avengers Age of Ultron,复仇者联盟2,2017-01-22,182,影毒肥佬,2015-04-28,4," 無恥啊無恥!無堅不催的鎚子哥雷神大爺竟把鷹眼的萌萌最愛樂高玩具踩個稀巴爛!這是公報私仇!報復人家演過你!小氣鬼!...懦夫啊懦夫!!黃綠庸醫死怪物!人家女神斯嘉麗已經投懷送抱,還含羞答答地把女孩子家最難啟齒的痛苦最凄慘的秘密向你傾訴,你竟然潛水玩失縱!!每個負100星!(粵語-潛水正是玩失縱的意思!)",4
177,Avengers Age of Ultron,复仇者联盟2,2017-01-22,183,拜女神♂有钱,2015-04-23,5, 先炸为敬。要刷五万遍。,6
178,Avengers Age of Ultron,复仇者联盟2,2017-01-22,184,生命之光卡洛斯,2015-04-25,4, 最大的亮点是，剧组好厉害哦居然能让RDJ看上去其他人一样高！All hail Apple Box！,5
179,Avengers Age of Ultron,复仇者联盟2,2017-01-22,185,Stranger,2016-01-24,3, 给我爸下的顺便就一起看了，感谢各位熟脸大乱炖，牛逼哄哄的炸了一轮又一轮。幻视的配色实在太糟污，为什么要这么对他。挺喜感，看个热闹。老万两娃是亮点，所以结尾有点懵。,1
180,Avengers Age of Ultron,复仇者联盟2,2017-01-22,186,gakkiie,2015-04-23,3, 欧洲竟然真的是最早上映啊＝ ＝法国比美国还早一周……没怎么看懂的我想找科普说明都不容易！嘛……我觉得非常一般甚至不怎么好看一团乱。,6
181,Avengers Age of Ultron,复仇者联盟2,2017-01-22,187,Zing',2015-05-09,3, 复联大战终结者。工作日的夜晚不宜看电影 反正我是睡过去了。一睁眼还看到hulk和nat打kiss 赶紧继续睡... 能好好打么... 能不加爱情元素么...%*（%￥#,5
182,Avengers Age of Ultron,复仇者联盟2,2017-01-22,188,疼。,2015-04-28,3, 片中的女的都好慘。一直覺得鷹眼和黑寡婦是cp，沒想到酷似花生的鷹眼連娃都能打醬油了。黑寡原來和綠巨才是 cp=_=快銀和猩紅女巫還沒幹啥呢，就⋯了,4
183,Avengers Age of Ultron,复仇者联盟2,2017-01-22,189,声音声音,2015-05-16,3, 对这种类型的片子永远欣赏无能。T T,3
184,Avengers Age of Ultron,复仇者联盟2,2017-01-22,191,川总,2015-05-15,3, 无聊,1
185,Avengers Age of Ultron,复仇者联盟2,2017-01-22,192,一只麦麦,2015-05-29,2, 时差党回来都要睡死了。第一部优点就剩组团打怪长镜头（其实也没什么新鲜感了），小loki的邪魅，基情，钢铁侠的雅痞这些趣味通通不见，缺点倒是成倍滋长，节奏拖沓，转折突兀，动机不明，人物单薄，奥创除了有几个克隆小喽啰以外还有什么本事啊。只能拿寡妇和绿巨的人兽恋反复说事，漫威不久矣,0
186,Avengers Age of Ultron,复仇者联盟2,2017-01-22,193,陆支羽,2015-05-18,3, 3.0。1.联盟气象似乎更宏大了些，却消磨了玩电影的热情，高潮戏的拍法也没啥新的开创，只能算走马观花之作。2.绿巨人与黑寡妇的爱情戏有点小意思，群雄比赛拎雷神锤子也挺好笑的，此外就是打斗群戏+角色特写，没别的了。,0
187,Avengers Age of Ultron,复仇者联盟2,2017-01-22,194,伊谢尔伦的风,2015-05-17,3, 感觉我其实看的是《绿巨人3》，而且跟前作一样，结局又是绿胖恋爱失败，绿胖忧伤地躲了起来……,6
188,Avengers Age of Ultron,复仇者联盟2,2017-01-22,195,京客隆小丸子,2015-05-14,3, 感情戏是个什么鬼,3
189,Avengers Age of Ultron,复仇者联盟2,2017-01-22,196,hikaruleon,2016-01-24,2, 又臭又长，看你下次怎么编,1
190,Avengers Age of Ultron,复仇者联盟2,2017-01-22,198,洪大花。,2015-05-21,5, 我是美队的忠实脑！残！粉！！！！！！！！！,5
191,Avengers Age of Ultron,复仇者联盟2,2017-01-22,199,荞麦,2015-05-19,2, 难看死了。但我们都是鹰眼：“整个城市在飞，我们在跟机器人打仗，但我却只能使用弓箭……我跟谁说理去？！”,4
192,Avengers Age of Ultron,复仇者联盟2,2017-01-22,200,vivi,2015-06-21,2, 1.5 从头到尾不知道他们在干嘛，似乎演得最认真投入的是Elizabeth Olsen.,0
193,Avengers Age of Ultron,复仇者联盟2,2017-01-22,201,品客,2015-05-13,4, “剧情明确，节奏快，动作场面多……“这些关键词是对第一部负面评价的修正，而我们的续集也很明显的包含了这几个关键词，然后现在观众又出来说不满意了……如果我是乔斯·韦登，我的OS一定是：老子不伺候了。,0
194,Avengers Age of Ultron,复仇者联盟2,2017-01-22,202,无趣,2015-08-25,3, 和第一集相比趣味性真是少了很多，结尾有点草草了事了。,0
195,Avengers Age of Ultron,复仇者联盟2,2017-01-22,203,JA5ON™,2015-09-20,2, 失望，奥创好弱，快银就这么酱油了？打斗戏也不行。,0
196,Avengers Age of Ultron,复仇者联盟2,2017-01-22,204,萨嘎摩多熊猫桑,2015-12-20,5, 不想说得太直白，但看到快银挂掉（WTF?），鹰眼最后回家，还有幻视和奥创关于人类的对话，我确实意识到很多东西其实是不言自明的。愿意去感受的自然不会抵抗，他们也就可以从中看到自己想看到的那些。多年前看QAF的时候我还不明白Mike为什么喜欢超级英雄漫画，现在大概懂了。4.5,1
197,Avengers Age of Ultron,复仇者联盟2,2017-01-22,205,刘建明,2015-09-11,2, 居然没迟到！但是很无聊。,0
198,Avengers Age of Ultron,复仇者联盟2,2017-01-22,206,老罗Richard,2015-05-12,3, 造个大Boss再联合大Boss造的Boss解决掉大Boss，引出更大Boss，整个基调变沉重且初现裂痕。文戏密集平平推进，动作观感酷炫不如1深刻，绿黑感情线开始到结束转变牵强，快银复联之旅的短暂客串比较可惜。彩蛋太短了点。,0
199,Avengers Age of Ultron,复仇者联盟2,2017-01-22,207,XH棒,2015-05-21,2, 期待国产版卡通妇联,2